{"valueType":"nodes","values":[{"_typeName":"Post","id":"cjv4nvvj6001107735gab2gdl","title":"football","content":"football is cool","published":true},{"_typeName":"Post","id":"cjv4nwltc001e0773gx6ml2kj","title":"tv","content":"TV is great","published":true},{"_typeName":"Post","id":"cjv4nxes6001r0773lqanh33v","title":"coding","content":"coding day and night","published":true},{"_typeName":"User","id":"cjv4nuumb000m0773m6jiq2hf","name":"Jason"},{"_typeName":"User","id":"cjv4nuuob000q07731xt733xw","name":"Elsa"}]}